timestep,cores,connecting,dangling,sol
0,0.00,0.00,8.72,91.28
211000,0.00,0.00,11.28,88.72
426000,0.00,0.00,11.28,88.72
637500,0.00,0.00,11.28,88.72
848000,0.00,0.00,11.28,88.72
1059500,0.00,0.00,13.85,86.15
1272500,0.00,0.00,22.56,77.44
1483250,0.00,0.00,22.56,77.44
1696000,0.00,0.00,22.56,77.44
1908250,0.00,0.00,42.56,57.44
2227750,0.00,0.00,53.85,46.15
2611250,0.00,0.00,62.56,37.44
2962000,0.00,0.00,71.28,28.72
3190000,33.85,0.00,37.44,28.72
4448500,33.85,0.00,46.15,20.00
5250250,33.85,0.00,46.15,20.00
6433000,53.85,0.00,26.15,20.00
6800750,62.56,0.00,17.44,20.00
7012750,71.28,0.00,8.72,20.00
